| p_type |                   friends_count | thread_id |
|      0 |                         59.0000 |       158 |
|      6 |                       6701.0000 |       346 |
|      8 |                        367.0000 |       346 |
|      3 |                        804.5000 |       346 |
|      0 |                        242.8333 |       346 |
|      2 |                        577.0000 |       346 |
|      4 |                        292.0000 |       346 |
|      0 |                         51.2500 |       350 |
|      3 |                        775.6667 |       350 |
|      3 |                       1302.6667 |       351 |
|      0 |                        328.5000 |       351 |
|      2 |                        215.0000 |       351 |
|      8 |                        880.0000 |       351 |
|      4 |                        292.0000 |       353 |
|      0 |                        685.5714 |       353 |
|      3 |                        538.4000 |       353 |
|      2 |                       1035.0000 |       361 |
|      0 |                        414.0000 |       363 |
|      3 |                       2338.5000 |       363 |
|      4 |                        999.0000 |       363 |
|      0 |                        358.0000 |       373 |
|      6 |                        259.0000 |       373 |
|      4 |                        943.0000 |       373 |
|      3 |                         11.0000 |       373 |
|      3 |                        879.4444 |       376 |
|      0 |                        398.6250 |       376 |
|      8 |                        655.5000 |       376 |
|      0 |                        402.0000 |       384 |
|      8 |                        139.0000 |       385 |
|      0 |                        360.3333 |       385 |
|      3 |                        797.6667 |       385 |
|      8 |                        880.0000 |       388 |
|      3 |                        992.1429 |       388 |
|      0 |                        285.3636 |       388 |
|      0 |                        280.6667 |       393 |
|      3 |                       2223.0000 |       393 |
|      0 |                        263.6667 |       401 |
|      3 |                        348.0000 |       401 |
|      4 |                        449.0000 |       401 |
|      0 |                        199.0000 |       412 |
|      0 |                        352.5714 |       417 |
|      2 |                       1944.0000 |       417 |
|      3 |                       1219.6667 |       417 |
|      4 |                        943.0000 |       417 |
|      8 |                        463.0000 |       417 |
|      0 |                       1027.0000 |       421 |
|      0 |                        234.0000 |       427 |
|      4 |                        755.0000 |       427 |
|      3 |                        348.0000 |       427 |
|      2 |                        621.0000 |       427 |
|      3 |                        362.0000 |       429 |
|      0 |                        506.0000 |       429 |
|      0 |                        225.8333 |       447 |
|      3 |                        775.8571 |       447 |
|      4 |                        150.0000 |       447 |
|      4 |                        755.0000 |       453 |
|      0 |                        723.0000 |       453 |
|      0 |                       1228.0000 |       455 |
|      3 |                       1728.3333 |       455 |
|      3 |                        837.6667 |       463 |
|      0 |                        733.6000 |       463 |
|      4 |                        755.0000 |       464 |
|      8 |                        367.0000 |       464 |
|      0 |                        318.5000 |       478 |
|      3 |                       1022.0000 |       478 |
|      3 |                        795.0000 |       488 |
|      0 |                        267.0000 |       488 |
|      3 |                        141.0000 |       489 |
|      0 |                        450.0000 |       489 |
|      6 |                       2001.0000 |       506 |
|      0 |                        638.2500 |       506 |
|      4 |                       1114.0000 |       514 |
|      2 |                        697.5000 |       514 |
|      0 |                        315.3333 |       515 |
|      3 |                        620.6667 |       515 |
|      3 |                       2130.0000 |       528 |
|      2 |                        312.0000 |       528 |
|      0 |                        158.2500 |       528 |
|      8 |                        634.0000 |       528 |
|      0 |                        348.5000 |       552 |
|      3 |                        727.3333 |       552 |
|      3 |                        419.0000 |       553 |
|      0 |                        347.5000 |       553 |
|      0 |                        999.0000 |       578 |
|      0 |                       1320.0000 |       580 |
|      3 |                       1312.2500 |       582 |
|      0 |                        209.5000 |       582 |
|      8 |                        529.0000 |       582 |
|      0 |                        224.0000 |       601 |
|      0 |                       7123.0000 |       611 |
|      4 |                        943.0000 |       615 |
|      0 |                        309.6667 |       615 |
|      3 |                        577.0000 |       615 |
|      0 |                         96.5000 |       619 |
|      0 |                        295.0000 |       625 |
|      3 |                        866.8000 |       625 |
|      0 |                        213.5000 |       626 |
|      8 |                        880.0000 |       626 |
|      3 |                       1018.2500 |       626 |
|      0 |                        339.3333 |       636 |
|      4 |                        999.0000 |       636 |
|      8 |                        634.0000 |       636 |
|      5 |                        799.6667 |       636 |
|      3 |                        585.7273 |       636 |
|      2 |                       1015.5000 |       636 |
|      0 |                        653.5000 |       640 |
|      4 |                          8.0000 |       653 |
|      6 |                       2001.0000 |       653 |
|      3 |                        854.4000 |       653 |
|      8 |                        880.0000 |       653 |
|      0 |                        231.6667 |       653 |
|      0 |                        522.5000 |       662 |
|      0 |                        236.0000 |       668 |
|      3 |                        301.0000 |       668 |
|      0 |                       1300.0000 |       669 |
|      3 |                        817.6667 |       682 |
|      0 |                        181.0000 |       682 |
|      0 |                        901.7500 |       684 |
|      1 |                         58.0000 |       684 |
|      2 |                        103.0000 |       691 |
|      0 |                        402.0000 |       696 |
|      3 |                        238.0000 |       717 |
|      4 |                        271.0000 |       717 |
|      2 |                        621.0000 |       717 |
|      0 |                        226.3333 |       724 |
|      3 |                        160.0000 |       724 |
|      3 |                        860.3333 |       725 |
|      0 |                        499.8333 |       725 |
|      0 |                         10.6667 |       741 |
|      8 |                       2513.0000 |       749 |
|      0 |                        226.0000 |       749 |
|      0 |                        597.0000 |       763 |
|      0 |                        168.1667 |       787 |
|      3 |                        296.0000 |       787 |
|      0 |                        262.8333 |       794 |
|      2 |                        362.0000 |       794 |
|      0 |                         71.0000 |       817 |
|      3 |                        348.0000 |       817 |
|      4 |                        943.0000 |       817 |
|      0 |                        753.0000 |       826 |
|      3 |                       1509.0000 |       827 |
|      0 |                         52.9000 |       827 |
|      3 |                        393.0000 |       831 |
|      2 |                        621.0000 |       831 |
|      0 |                         49.0000 |       831 |
|      4 |                        271.0000 |       855 |
|      6 |                       2001.0000 |       855 |
|      0 |                        409.0000 |       855 |
|      8 |                        367.0000 |       855 |
|      3 |                        729.8333 |       855 |
|      3 |                        167.0000 |       859 |
|      4 |                        755.0000 |       859 |
|      0 |                        328.0000 |       863 |
|      2 |                        225.0000 |       868 |
|      3 |                       1413.5000 |       868 |
|      0 |                       1092.2500 |       868 |
|      3 |                        441.0000 |       882 |
|      0 |                        239.8750 |       882 |
|      0 |                        335.0000 |       913 |
|      0 |                         50.5000 |       926 |
|      2 |                        310.5000 |       926 |
|      3 |                        571.0000 |       929 |
|      0 |                        290.3333 |       929 |
|      3 |                        679.0000 |       938 |
|      0 |                        588.5000 |       938 |
|      2 |                        621.0000 |       938 |
|      6 |                       2001.0000 |       942 |
|      0 |                        284.3333 |       942 |
|      3 |                        797.0000 |       942 |
|      4 |                        686.0000 |       942 |
|      2 |                        228.0000 |       984 |
|      0 |                        519.0000 |       984 |
|      0 |                        123.0000 |       991 |
|      3 |                        427.0000 |      1014 |
|      2 |                        366.0000 |      1014 |
|      0 |                        351.0000 |      1014 |
|      4 |                          8.0000 |      1014 |
|      0 |                        763.0000 |      1024 |
|      8 |                        880.0000 |      1028 |
|      0 |                        452.3333 |      1028 |
|      4 |                       1328.0000 |      1038 |
|      0 |                        315.2000 |      1038 |
|      3 |                        676.0000 |      1038 |
|      3 |                        787.2857 |      1061 |
|      0 |                        276.0000 |      1061 |
|      3 |                        780.0000 |      1062 |
|      0 |                        389.0000 |      1062 |
|      0 |                        138.0000 |      1071 |
|      0 |                        485.6000 |      1076 |
|      6 |                       2001.0000 |      1076 |
|      1 |                         19.0000 |      1076 |
|      3 |                       1683.5000 |      1089 |
|      0 |                        219.8571 |      1113 |
|      3 |                       1408.3333 |      1113 |
|      6 |                       2001.0000 |      1123 |
|      3 |                        999.0000 |      1123 |
|      0 |                        180.5000 |      1123 |
|      3 |                        362.0000 |      1131 |
|      6 |                       2001.0000 |      1131 |
|      2 |                       1085.0000 |      1131 |
|      3 |                        923.0000 |      1137 |
|      0 |                        228.0000 |      1137 |
|      3 |                        964.0000 |      1139 |
|      2 |                       1944.0000 |      1139 |
|      0 |                        373.8333 |      1139 |
|      0 |                        238.0000 |      1144 |
|      3 |                        780.0000 |      1144 |
|      0 |                        200.5000 |      1155 |
|      3 |                        571.0000 |      1155 |
|      6 |                       2001.0000 |      1161 |
|      0 |                        140.6667 |      1161 |
|      3 |                        164.0000 |      1161 |
|      2 |                        621.0000 |      1161 |
|      0 |                        453.0000 |      1171 |
|      6 |                       1285.0000 |      1171 |
|      3 |                        198.0000 |      1171 |
|      3 |                        376.2857 |      1180 |
|      8 |                        880.0000 |      1180 |
|      0 |                        332.1333 |      1180 |
|      0 |                        205.0000 |      1212 |
|      3 |                       2029.0000 |      1212 |
|      0 |                        947.1667 |      1218 |
|      8 |                        139.0000 |      1218 |
|      0 |                        241.0000 |      1229 |
|      3 |                       1036.2500 |      1229 |
|      0 |                        284.0000 |      1247 |
|      3 |                       1661.5000 |      1247 |
|      2 |                        621.0000 |      1247 |
|      3 |                       1656.0000 |      1255 |
|      0 |                        426.1429 |      1255 |
|      0 |                        403.0000 |      1282 |
|      5 |                        448.0000 |      1305 |
|      0 |                        450.0000 |      1305 |
|      1 |                         58.0000 |      1318 |
|      0 |                        296.5000 |      1362 |
|      0 |                        249.2500 |      1364 |
|      3 |                        672.5000 |      1364 |
|      3 |                        427.0000 |      1373 |
|      8 |                        367.0000 |      1373 |
|      4 |                        271.0000 |      1373 |
|      0 |                        170.0000 |      1373 |
|      0 |                        360.2000 |      1374 |
|      3 |                        348.0000 |      1374 |
|      8 |                        463.0000 |      1374 |
|      0 |                       8373.0000 |      1382 |
|      3 |                       1471.3333 |      1382 |
|      3 |                         11.0000 |      1407 |
|      0 |                        397.5714 |      1407 |
|      0 |                       1665.8333 |      1415 |
|      3 |                        465.0000 |      1415 |
|      3 |                        780.0000 |      1429 |
|      0 |                         42.0000 |      1429 |
|      0 |                        411.0000 |      1452 |
|      3 |                        780.0000 |      1454 |
|      0 |                        578.0000 |      1476 |
|      0 |                        828.5000 |      1483 |
|      0 |                        219.0000 |      1487 |
|      2 |                        124.5000 |      1487 |
|      3 |                        427.0000 |      1487 |
|      3 |                        630.5000 |      1488 |
|      0 |                        261.6667 |      1488 |
|      0 |                        256.0000 |      1502 |
|      3 |                        795.0000 |      1502 |
|      0 |                        378.6667 |      1504 |
|      3 |                        682.6667 |      1504 |
|      0 |                        852.0000 |      1520 |
|      3 |                        289.0000 |      1534 |
|      0 |                         91.0000 |      1534 |
|      4 |                        271.0000 |      1565 |
|      3 |                        406.4286 |      1565 |
|      0 |                         92.5000 |      1565 |
|      2 |                        536.0000 |      1566 |
|      0 |                        372.5000 |      1566 |
|      3 |                        905.0000 |      1566 |
|      2 |                        225.0000 |      1581 |
|      3 |                        465.0000 |      1581 |
|      0 |                        583.7500 |      1581 |
|      3 |                        166.0000 |      1583 |
|      0 |                        578.0000 |      1583 |
|      0 |                        519.5000 |      1615 |
|      3 |                       1330.0000 |      1628 |
|      0 |                        395.5000 |      1628 |
|      7 |                        312.0000 |      1628 |
|      3 |                       2820.0000 |      1633 |
|      3 |                        170.0000 |      1636 |
|      3 |                         82.0000 |      1647 |
|      8 |                        139.0000 |      1647 |
|      0 |                        307.5000 |      1647 |
|      3 |                       1147.0000 |      1662 |
|      4 |                        943.0000 |      1662 |
|      0 |                        619.5000 |      1662 |
|      8 |                        139.0000 |      1662 |
|      3 |                       1154.0000 |      1669 |
|      0 |                        378.0000 |      1669 |
|      3 |                       1031.0000 |      1709 |
|      0 |                        274.3333 |      1709 |
|      0 |                        304.0385 |      1738 |
|      3 |                        653.7143 |      1738 |
|      3 |                        166.0000 |      1746 |
|      0 |                        238.3333 |      1759 |
|      8 |                        634.0000 |      1760 |
|      3 |                        938.0000 |      1772 |
|      0 |                        484.5000 |      1772 |
|      2 |                        621.0000 |      1772 |
|      6 |                       2001.0000 |      1775 |
|      3 |                       2975.0000 |      1776 |
|      0 |                        319.6667 |      1776 |
|      4 |                        577.0000 |      1776 |
|      3 |                        170.0000 |      1777 |
|      0 |                        428.0000 |      1777 |
|      4 |                      21759.0000 |      1777 |
|      0 |                        583.0000 |      1787 |
|      3 |                       1150.5000 |      1788 |
|      8 |                        880.0000 |      1788 |
|      4 |                        139.5000 |      1788 |
|      0 |                        279.8750 |      1788 |
|      0 |                        555.2222 |      1791 |
|      3 |                        198.0000 |      1811 |
|      0 |                        321.5000 |      1811 |
|      2 |                        621.0000 |      1859 |
|      0 |                        152.0000 |      1859 |
|      0 |                        859.0000 |      1901 |
|      0 |                        299.6667 |      1909 |
|      3 |                        971.0000 |      1909 |
|      0 |                        905.0000 |      1913 |
|      2 |                       1029.0000 |      1913 |
|      3 |                       1599.0000 |      1913 |
|      4 |                       2800.0000 |      1913 |
|      2 |                        536.0000 |      1941 |
|      0 |                        386.0000 |      1941 |
|      3 |                        238.0000 |      1941 |
|      4 |                       1328.0000 |      1941 |
|      3 |                        546.4000 |      2031 |
|      0 |                        222.8333 |      2031 |
|      8 |                        139.0000 |      2040 |
|      1 |                        182.0000 |      2040 |
|      0 |                        150.5000 |      2040 |
|      0 |                         20.0000 |      2052 |
|      8 |                       1562.0000 |      2062 |
|      1 |                          1.0000 |      2062 |
|      0 |                        118.6667 |      2062 |
|      3 |                       1154.0000 |      2064 |
|      0 |                        502.0000 |      2064 |
|      0 |                       5397.0000 |      2072 |
|      0 |                        206.0000 |      2074 |
|      3 |                       1268.6667 |      2074 |
|      0 |                        120.3333 |      2085 |
|      0 |                        356.0000 |      2100 |
|      6 |                       4878.0000 |      2100 |
|      3 |                        719.6667 |      2100 |
|      2 |                        225.0000 |      2101 |
|      0 |                        303.0000 |      2115 |
|      3 |                        177.0000 |      2115 |
|      0 |                        861.5000 |      2146 |
|      3 |                        710.6667 |      2146 |
|      8 |                        463.0000 |      2146 |
|      4 |                        755.0000 |      2150 |
|      3 |                        236.5000 |      2150 |
|      0 |                        708.5000 |      2150 |
|      0 |                        265.0000 |      2156 |
|      1 |                         48.5000 |      2161 |
|      4 |                        554.0000 |      2161 |
|      4 |                        755.0000 |      2170 |
|      6 |                         99.0000 |      2184 |
|      3 |                        348.0000 |      2184 |
|      2 |                        621.0000 |      2203 |
|      0 |                        226.0000 |      2203 |
|      0 |                        718.0000 |      2204 |
|      3 |                        228.0000 |      2204 |
|      3 |                        879.7500 |      2224 |
|      0 |                        141.6667 |      2224 |
|      0 |                        241.0000 |      2231 |
|      2 |                       1029.0000 |      2231 |
|      0 |                        548.6667 |      2233 |
|      4 |                        943.0000 |      2233 |
|      2 |                        536.0000 |      2233 |
|      3 |                        465.0000 |      2249 |
|      0 |                         51.0000 |      2249 |
|      3 |                       1074.0000 |      2250 |
|      0 |                        196.4118 |      2250 |
|      2 |                          0.0000 |      2250 |
|      0 |                        941.0000 |      2259 |
|      3 |                       1154.0000 |      2261 |
|      0 |                        519.0000 |      2261 |
|      0 |                        387.2000 |      2275 |
|      3 |                        343.6667 |      2275 |
|      3 |                        447.2500 |      2300 |
|      0 |                        289.6250 |      2300 |
|      0 |                        532.4000 |      2310 |
|      0 |                         61.0000 |      2361 |
|      0 |                        398.0000 |      2364 |
|      0 |                       1231.0000 |      2370 |
|      3 |                        181.5000 |      2396 |
|      0 |                        156.5000 |      2396 |
|      8 |                        139.0000 |      2396 |
|      0 |                        226.0000 |      2417 |
|      0 |                        521.0000 |      2438 |
|      4 |                        692.5000 |      2458 |
|      2 |                        606.0000 |      2458 |
|      0 |                         40.0000 |      2461 |
|      0 |                          0.0000 |      2467 |
|      3 |                         11.0000 |      2467 |
|      8 |                        634.0000 |      2476 |
|      0 |                        203.2500 |      2476 |
|      3 |                        321.3333 |      2476 |
|      0 |                         65.0000 |      2490 |
|      3 |                        780.0000 |      2490 |
|      3 |                       1777.0000 |      2492 |
|      2 |                        225.0000 |      2492 |
|      0 |                         75.0000 |      2529 |
|      0 |                         65.0000 |      2530 |
|      0 |                        299.0000 |      2536 |
|      0 |                        618.0000 |      2544 |
|      3 |                        479.0000 |      2544 |
|      0 |                         72.0000 |      2545 |
|      0 |                        328.0000 |      2546 |
|      6 |                       2001.0000 |      2546 |
|      8 |                        880.0000 |      2546 |
|      3 |                       2138.6000 |      2546 |
|      0 |                      24200.5000 |      2558 |
|      1 |                        182.0000 |      2558 |
|      3 |                        304.0000 |      2558 |
|      3 |                        472.2500 |      2566 |
|      6 |                       2001.0000 |      2570 |
|      0 |                        366.0000 |      2570 |
|      2 |                        621.0000 |      2593 |
|      4 |                        943.0000 |      2593 |
|      0 |                        130.5000 |      2593 |
|      0 |                      48201.0000 |      2596 |
|      0 |                        164.0000 |      2621 |
|      3 |                       1330.0000 |      2621 |
|      8 |                        880.0000 |      2628 |
|      5 |                        448.0000 |      2628 |
|      3 |                        465.0000 |      2628 |
|      0 |                        341.7500 |      2628 |
|      1 |                         39.0000 |      2643 |
|      0 |                        143.0000 |      2643 |
|      2 |                        618.0000 |      2643 |
|      3 |                        679.0000 |      2676 |
|      0 |                         40.0000 |      2680 |
|      0 |                        450.0000 |      2710 |
|      2 |                        621.0000 |      2710 |
|      5 |                        448.0000 |      2710 |
|      3 |                       1793.8000 |      2725 |
|      0 |                        379.3333 |      2725 |
|      0 |                        237.0000 |      2751 |
|      0 |                       1079.0000 |      2763 |
|      3 |                        885.0000 |      2774 |
|      0 |                      24389.5000 |      2774 |
|      6 |                       2001.0000 |      2774 |
|      3 |                        465.0000 |      2805 |
|      0 |                        216.3333 |      2805 |
|      0 |                        339.6667 |      2820 |
|      3 |                        780.0000 |      2820 |
|      0 |                        167.7500 |      2826 |
|      3 |                        704.6667 |      2832 |
|      4 |                        755.0000 |      2832 |
|      0 |                        320.2500 |      2832 |
|      4 |                        999.0000 |      2881 |
|      3 |                       1077.5000 |      2881 |
|      2 |                        110.0000 |      2881 |
|      3 |                        254.0000 |      2888 |
|      0 |                      10961.0000 |      2888 |
|      0 |                        761.0000 |      2893 |
|      0 |                        281.0000 |      2896 |
|      4 |                        927.0000 |      2896 |
|      0 |                        160.6667 |      2911 |
|      6 |                         99.0000 |      2937 |
|      0 |                        701.8333 |      2937 |
|      2 |                         87.0000 |      2937 |
|      0 |                        138.0000 |      2992 |
|      6 |                       4878.0000 |      3001 |
|      3 |                       2820.0000 |      3001 |
|      0 |                        392.7143 |      3001 |
|      2 |                        104.0000 |      3004 |
|      0 |                        351.0000 |      3004 |
|      6 |                       2001.0000 |      3023 |
|      0 |                        450.0000 |      3023 |
|      0 |                       4624.6667 |      3027 |
|      0 |                        578.0000 |      3056 |
|      0 |                        210.5000 |      3061 |
|      6 |                       2001.0000 |      3061 |
|      3 |                       1360.5000 |      3061 |
|      0 |                        134.0000 |      3062 |
|      8 |                        367.0000 |      3062 |
|      3 |                        787.0000 |      3062 |
|      3 |                        348.0000 |      3063 |
|      0 |                         77.0000 |      3063 |
|      4 |                        764.5000 |      3063 |
|      0 |                       3374.0000 |      3071 |
|      0 |                        226.0000 |      3093 |
|      0 |                        454.0000 |      3101 |
|      3 |                       1920.0000 |      3101 |
|      4 |                        630.0000 |      3215 |
|      3 |                        296.0000 |      3224 |
|      0 |                       1175.3333 |      3229 |
|      3 |                        238.0000 |      3231 |
|      4 |                        755.0000 |      3231 |
|      0 |                       1084.9000 |      3277 |
|      0 |                        181.0000 |      3295 |
|      0 |                        238.0000 |      3308 |
|      2 |                        225.0000 |      3322 |
|      0 |                         87.3333 |      3322 |
|      8 |                        634.0000 |      3322 |
|      3 |                       1262.6667 |      3322 |
|      3 |                        339.5000 |      3341 |
|      0 |                        496.7333 |      3341 |
|      3 |                        774.4000 |      3358 |
|      8 |                        880.0000 |      3358 |
|      0 |                        461.0000 |      3358 |
|      0 |                        452.0000 |      3378 |
|      2 |                        225.0000 |      3379 |
|      0 |                        226.0000 |      3379 |
|      3 |                        304.0000 |      3379 |
|      0 |                        428.6667 |      3393 |
|      3 |                        362.0000 |      3393 |
|      0 |                        520.0000 |      3410 |
|      4 |                        943.0000 |      3410 |
|      3 |                        219.0000 |      3410 |
|      0 |                         91.0000 |      3444 |
|      3 |                        126.5000 |      3444 |
|      3 |                        503.3750 |      3445 |
|      0 |                        348.3333 |      3445 |
|      0 |                        321.0000 |      3470 |
|      0 |                        264.2222 |      3496 |
|      0 |                        293.3333 |      3529 |
|      4 |                        999.0000 |      3535 |
|      3 |                       1154.5000 |      3535 |
|      0 |                        711.2000 |      3568 |
|      0 |                        234.0000 |      3574 |
|      3 |                       1331.2500 |      3574 |
|      2 |                        395.5000 |      3574 |
|      3 |                        348.0000 |      3653 |
|      4 |                        271.0000 |      3653 |
|      3 |                        344.0000 |      3663 |
|      0 |                        524.5000 |      3663 |
|      4 |                       1135.5000 |      3663 |
|      0 |                        390.0000 |      3735 |
|      3 |                        479.0000 |      3735 |
|      0 |                        406.0000 |      3790 |
|      8 |                        757.0000 |      3810 |
|      0 |                        151.0000 |      3810 |
|      3 |                       3379.0000 |      3839 |
|      0 |                        242.6667 |      3839 |
|      0 |                        665.0000 |      3891 |
|      5 |                        448.0000 |      3891 |
|      3 |                        303.6667 |      3891 |
|      2 |                          0.0000 |      3891 |
|      8 |                        634.0000 |      3891 |
|      4 |                        774.0000 |      3895 |
|      0 |                        859.0000 |      3907 |
|      4 |                        774.0000 |      3907 |
|      3 |                        311.0000 |      3920 |
|      0 |                        159.0000 |      3920 |
|      3 |                        627.5000 |      3932 |
|      0 |                        143.5000 |      3932 |
|      0 |                        231.6667 |      3950 |
|      0 |                        667.5000 |      3997 |
|      3 |                        460.0000 |      3997 |
|      0 |                        364.0000 |      4006 |
|      0 |                        378.6667 |      4099 |
|      3 |                       2003.0000 |      4129 |
|      0 |                        196.2500 |      4129 |
|      4 |                        755.0000 |      4191 |
|      3 |                        634.0000 |      4191 |
|      0 |                        207.1000 |      4259 |
|      3 |                        768.5000 |      4259 |
|      0 |                        238.0000 |      4261 |
|      3 |                        629.5000 |      4274 |
|      0 |                        509.0000 |      4274 |
|      0 |                         45.0000 |      4296 |
|      2 |                         97.0000 |      4314 |
|      0 |                        469.0000 |      4314 |
|      0 |                        548.8000 |      4361 |
|      3 |                        726.5556 |      4361 |
|      0 |                         27.0000 |      4408 |
|      3 |                        265.0000 |      4408 |
|      6 |                          0.0000 |      4524 |
|      3 |                        795.0000 |      4524 |
|      4 |                        261.0000 |      4524 |
|      3 |                        630.0000 |      4527 |
|      0 |                       1348.1538 |      4527 |
|      1 |                        177.0000 |      4527 |
|      4 |                        271.0000 |      4595 |
|      2 |                        195.0000 |      4595 |
|      0 |                        590.0000 |      4597 |
|      3 |                       1082.5000 |      4634 |
|      0 |                        335.7000 |      4634 |
|      0 |                        139.5000 |      4684 |
|      2 |                         97.0000 |      4700 |
|      3 |                        784.0000 |      4700 |
|      0 |                        253.0000 |      4700 |
|      3 |                       1466.0000 |      4796 |
|      0 |                        859.0000 |      4796 |
|      3 |                       1160.0000 |      4834 |
|      0 |                      48201.0000 |      4834 |
|      2 |                        618.0000 |      4834 |
|      3 |                        293.5000 |      4878 |
|      0 |                        407.4000 |      4878 |
|      8 |                        139.0000 |      4878 |
|      0 |                        318.0000 |      4893 |
|      3 |                       2130.0000 |      4929 |
|      2 |                        164.0000 |      4929 |
|      3 |                        628.0000 |      4930 |
|      0 |                        578.0000 |      4930 |
|      2 |                        225.0000 |      4930 |
|      0 |                        698.0000 |      4955 |
|      0 |                        183.0000 |      4991 |
|      4 |                        774.0000 |      4995 |
|      2 |                        621.0000 |      4995 |
|      0 |                         75.0000 |      5053 |
|      0 |                        205.5000 |      5083 |
|      0 |                        298.0000 |      5096 |
|      3 |                        103.0000 |      5096 |
|      3 |                        670.5000 |      5135 |
|      0 |                        275.5000 |      5135 |
|      0 |                        238.0000 |      5200 |
|      8 |                       2513.0000 |      5200 |
|      3 |                       1799.0000 |      5200 |
|      0 |                        413.0000 |      5228 |
|      3 |                        465.0000 |      5243 |
|      0 |                        533.5000 |      5243 |
|      0 |                        220.6667 |      5247 |
|      2 |                        606.0000 |      5247 |
|      0 |                       9165.0000 |      5262 |
|      0 |                       4326.0000 |      5429 |
|      0 |                        281.0000 |      5450 |
|      3 |                        153.0000 |      5450 |
|      0 |                        195.0000 |      5451 |
|      3 |                        233.0000 |      5459 |
|      0 |                        312.5000 |      5459 |
|      4 |                        271.0000 |      5464 |
|      3 |                        171.0000 |      5464 |
|      8 |                        367.0000 |      5464 |
|      4 |                        755.0000 |      5481 |
|      0 |                        543.0000 |      5481 |
|      0 |                        276.0000 |      5543 |
|      0 |                        380.2500 |      5550 |
|      0 |                        143.6667 |      5563 |
|      0 |                         58.0000 |      5593 |
|      0 |                       1099.0000 |      5631 |
|      3 |                       1233.2500 |      5678 |
|      0 |                        435.4000 |      5678 |
|      4 |                        999.0000 |      5678 |
|      5 |                        448.0000 |      5678 |
|      2 |                         97.0000 |      5695 |
|      0 |                        329.0000 |      5695 |
|      3 |                        679.0000 |      5755 |
|      0 |                        362.8000 |      5755 |
|      3 |                       1150.0000 |      5832 |
|      0 |                        137.0000 |      5832 |
|      0 |                         75.0000 |      5855 |
|      0 |                       2086.0000 |      5881 |
|      5 |                        448.0000 |      5888 |
|      0 |                        228.2500 |      5888 |
|      3 |                        324.5000 |      5888 |
|      0 |                       1130.6667 |      5921 |
|      3 |                        524.0000 |      5921 |
|      3 |                        225.5000 |      5963 |
|      0 |                        429.7500 |      5963 |
|      2 |                        245.0000 |      5963 |
|      3 |                        644.0000 |      5970 |
|      0 |                        243.7500 |      5970 |
|      8 |                        367.0000 |      5970 |
|      8 |                        944.0000 |      6064 |
|      0 |                        955.0000 |      6064 |
|      3 |                        850.6667 |      6064 |
|      0 |                       1117.0000 |      6112 |
|      3 |                        797.0000 |      6122 |
|      8 |                        139.0000 |      6122 |
|      0 |                        275.4000 |      6122 |
|      3 |                       1156.0000 |      6130 |
|      0 |                        232.5000 |      6130 |
|      0 |                        216.0000 |      6222 |
|      6 |                        365.0000 |      6222 |
|      3 |                        108.0000 |      6222 |
|      4 |                      42575.0000 |      6279 |
|      0 |                         36.0000 |      6299 |
|      3 |                       1060.0000 |      6381 |
|      0 |                        256.5000 |      6381 |
|      5 |                        448.0000 |      6422 |
|      0 |                        640.3333 |      6422 |
|      2 |                        225.0000 |      6422 |
|      0 |                        563.0000 |      6423 |
|      0 |                        205.0000 |      6425 |
|      2 |                        225.0000 |      6425 |
|      6 |                       2001.0000 |      6425 |
|      0 |                        205.5000 |      6426 |
|      3 |                        470.6667 |      6426 |
|      2 |                        577.0000 |      6493 |
|      3 |                        103.0000 |      6493 |
|      8 |                        367.0000 |      6493 |
|      0 |                        101.0000 |      6493 |
|      3 |                        388.0000 |      6499 |
|      0 |                        335.0000 |      6499 |
|      2 |                        225.0000 |      6515 |
|      0 |                        214.5000 |      6515 |
|      3 |                       1154.0000 |      6515 |
|      0 |                        423.4000 |      6523 |
|      3 |                        362.0000 |      6523 |
|      3 |                        153.0000 |      6587 |
|      1 |                       1311.0000 |      6590 |
|      0 |                        289.5000 |      6590 |
|      3 |                       2001.0000 |      6590 |
|      8 |                        634.0000 |      6636 |
|      0 |                        273.0000 |      6636 |
|      2 |                        333.0000 |      6636 |
|      2 |                         81.0000 |      6698 |
|      4 |                        271.0000 |      6698 |
|      0 |                        226.0000 |      6698 |
|      3 |                       1428.5000 |      6795 |
|      0 |                        152.0000 |      6795 |
|      2 |                        536.0000 |      6795 |
|      1 |                         48.5000 |      6814 |
|      3 |                        238.0000 |      6814 |
|      0 |                         36.0000 |      6814 |
|      3 |                        435.0000 |      6849 |
|      0 |                        235.0000 |      6849 |
|      0 |                        108.2500 |      6991 |
|      3 |                         96.0000 |      6991 |
|      2 |                       1029.0000 |      7052 |
|      0 |                        238.0000 |      7052 |
|      8 |                        139.0000 |      7052 |
|      3 |                       2975.0000 |      7052 |
|      0 |                         14.0000 |      7076 |
|      3 |                        797.0000 |      7084 |
|      0 |                       1199.3333 |      7084 |
|      2 |                         98.6667 |      7109 |
|      4 |                        599.0000 |      7109 |
|      6 |                       2001.0000 |      7128 |
|      0 |                        323.0000 |      7128 |
|      0 |                        110.6667 |      7175 |
|      2 |                        225.0000 |      7189 |
|      3 |                        348.0000 |      7196 |
|      0 |                        776.3333 |      7196 |
|      2 |                        225.0000 |      7295 |
|      0 |                        362.8000 |      7326 |
|      3 |                        436.0588 |      7326 |
|      3 |                        427.0000 |      7383 |
|      0 |                         89.0000 |      7383 |
|      0 |                        387.0000 |      7432 |
|      4 |                        943.0000 |      7432 |
|      3 |                        780.0000 |      7432 |
|      2 |                        536.0000 |      7432 |
|      0 |                        265.0000 |      7451 |
|      2 |                       1035.0000 |      7451 |
|      0 |                       1048.0000 |      7454 |
|      3 |                        679.0000 |      7454 |
|      4 |                        943.0000 |      7454 |
|      8 |                        634.0000 |      7478 |
|      0 |                        237.0000 |      7478 |
|      4 |                        755.0000 |      7523 |
|      0 |                        269.0000 |      7583 |
|      8 |                        367.0000 |      7583 |
|      0 |                        303.0000 |      7595 |
|      0 |                       1692.5000 |      7661 |
|      2 |                        170.0000 |      7696 |
|      0 |                        410.0000 |      7696 |
|      3 |                       2071.5000 |      7696 |
|      3 |                        263.1538 |      7712 |
|      0 |                        294.5000 |      7712 |
|      3 |                        876.0000 |      7754 |
|      0 |                        362.0000 |      7754 |
|      0 |                         27.0000 |      7827 |
|      3 |                        242.0000 |      7827 |
|      0 |                       1235.0000 |      7860 |
|      4 |                        271.0000 |      7860 |
|      3 |                        672.5000 |      7860 |
|      3 |                        458.6667 |      7962 |
|      0 |                        181.0000 |      7962 |
|      2 |                        225.0000 |      8037 |
|      3 |                       1154.0000 |      8037 |
|      0 |                        287.6667 |      8037 |
|      3 |                        248.6667 |      8066 |
|      0 |                        386.0000 |      8066 |
|      0 |                         36.0000 |      8133 |
|      3 |                        301.0000 |      8187 |
|      0 |                        348.6667 |      8187 |
|      8 |                        139.0000 |      8187 |
|      0 |                        346.5000 |      8355 |
|      2 |                      71313.0000 |      8467 |
|      0 |                       1042.6667 |      8467 |
|      0 |                        368.5000 |      8556 |
|      3 |                         82.0000 |      8603 |
|      0 |                        301.5000 |      8603 |
|      0 |                        509.5000 |      8629 |
|      1 |                         58.0000 |      8629 |
|      3 |                        460.0000 |      8758 |
|      5 |                       1503.0000 |      8758 |
|      4 |                        271.0000 |      8758 |
|      0 |                        186.0000 |      8758 |
|      0 |                        229.0000 |      8838 |
|      0 |                        338.6774 |      8881 |
|      3 |                       1073.5000 |      8906 |
|      1 |                         58.0000 |      8906 |
|      0 |                        629.7500 |      8964 |
|      6 |                       2001.0000 |      9064 |
|      0 |                        350.0000 |      9064 |
|      2 |                         83.0000 |      9064 |
|      0 |                        678.5000 |      9149 |
|      3 |                       2223.0000 |      9149 |
|      3 |                       1033.0000 |      9209 |
|      0 |                        630.6667 |      9209 |
|      4 |                        271.0000 |      9209 |
|      2 |                         87.0000 |      9227 |
|      0 |                        143.0000 |      9227 |
|      4 |                        755.0000 |      9257 |
|      0 |                         51.0000 |      9257 |
|      0 |                        530.0000 |      9367 |
|      3 |                        999.3333 |      9367 |
|      2 |                        103.0000 |      9401 |
|      3 |                        348.0000 |      9401 |
|      3 |                        524.5000 |      9431 |
|      0 |                        288.3333 |      9431 |
|      1 |                        208.0000 |      9434 |
|      3 |                       1154.0000 |      9434 |
|      0 |                        133.3333 |      9434 |
|      0 |                       3190.5000 |      9465 |
|      4 |                        271.0000 |      9465 |
|      6 |                       2001.0000 |      9537 |
|      0 |                        280.2000 |      9682 |
|      0 |                        348.5000 |      9695 |
|      8 |                        139.0000 |      9695 |
|      2 |                        644.0000 |      9797 |
|      0 |                        263.5000 |      9797 |
|      0 |                        119.7500 |      9993 |
|      3 |                       1780.2500 |      9993 |
|      2 |                        105.0000 |      9993 |
|      0 |                       3162.5000 |     10031 |
|      4 |                        894.0000 |     10031 |
|      0 |                        267.0000 |     10124 |
|      3 |                        229.0000 |     10124 |
|      0 |                        303.6667 |     10186 |
|      3 |                       1560.5000 |     10186 |
|      2 |                        103.0000 |     10186 |
|      8 |                        634.0000 |     10523 |
|      0 |                        226.0000 |     10523 |
|      3 |                        417.0000 |     10523 |
|      3 |                        730.0000 |     10632 |
|      0 |                        333.6667 |     10632 |
|      3 |                       2820.0000 |     10722 |
|      0 |                         54.0000 |     10748 |
|      4 |                        943.0000 |     10748 |
|      0 |                         75.0000 |     10800 |
|      3 |                       1023.0000 |     10800 |
|      3 |                        230.0000 |     10801 |
|      0 |                       1544.5000 |     10915 |
|      3 |                        348.0000 |     11284 |
|      0 |                        402.6667 |     11284 |
|      2 |                       5088.0000 |     11581 |
|      0 |                        452.0000 |     11753 |
|      0 |                        186.0000 |     12008 |
|      0 |                        233.0000 |     12055 |
|      4 |                        755.0000 |     12055 |
|      3 |                        965.0000 |     12055 |
|      6 |                       2001.0000 |     12055 |
|      3 |                       1642.5000 |     12073 |
|      3 |                        997.0000 |     12137 |
|      0 |                        451.5000 |     12137 |
|      2 |                       1029.0000 |     12137 |
|      3 |                       2234.0000 |     12306 |
|      0 |                          9.0000 |     12306 |
|      3 |                        638.3333 |     12363 |
|      1 |                         64.0000 |     12363 |
|      0 |                        266.6667 |     12363 |
|      0 |                       2216.0000 |     12421 |
|      3 |                       1446.5000 |     12443 |
|      0 |                        206.0000 |     12443 |
|      4 |                        927.0000 |     12443 |
|      5 |                       2007.0000 |     12462 |
|      0 |                        339.6000 |     12462 |
|      3 |                        368.6667 |     12462 |
|      3 |                        997.0000 |     13285 |
|      0 |                      24303.5000 |     13285 |
|      0 |                        147.5000 |     13467 |
|      3 |                        300.0000 |     13474 |
|      2 |                        423.0000 |     13474 |
|      0 |                        490.0000 |     13474 |
|      0 |                        333.0000 |     13681 |
|      2 |                        220.0000 |     14044 |
|      0 |                        391.5000 |     14044 |
|      0 |                        445.0000 |     14183 |
|      3 |                       1758.6667 |     14183 |
|      0 |                        732.2500 |     14430 |
|      0 |                        237.0000 |     14792 |
|      0 |                       1592.3333 |     15053 |
|      0 |                       1753.6667 |     15149 |
|      4 |                       2154.0000 |     15616 |
|      0 |                        173.0000 |     15616 |
|      0 |                        494.0000 |     15718 |
|      0 |                        166.3333 |     15893 |
|      3 |                        301.0000 |     15893 |
|      0 |                         75.0000 |     15992 |
|      3 |                        465.0000 |     15995 |
|      0 |                        298.6667 |     15995 |
|      6 |                       2001.0000 |     16715 |
|      3 |                       1799.0000 |     16715 |
|      8 |                        139.0000 |     16715 |
|      0 |                        226.0000 |     16715 |
|      4 |                        796.0000 |     16715 |
|      1 |                        208.0000 |     17600 |
|      0 |                        512.5000 |     17600 |
|      3 |                       2223.0000 |     17600 |
|      0 |                        402.0000 |     17974 |
|      0 |                        332.1667 |     19598 |
|      3 |                        464.6667 |     19598 |
|      8 |                        367.0000 |     19598 |
|      3 |                        684.2500 |     19602 |
|      0 |                        209.6667 |     19602 |
|      6 |                       2001.0000 |     20002 |
|      0 |                        137.3333 |     20002 |
|      0 |                        133.0000 |     22095 |
|      0 |                          5.6667 |     23054 |
|      3 |                        217.0000 |     24019 |
|      0 |                        171.0000 |     24019 |
|      2 |                        536.0000 |     24019 |
|      0 |                        144.0000 |     27210 |
|      0 |                        109.6667 |     33530 |
|      8 |                        463.0000 |     33530 |
|      0 |                        255.0000 |     37409 |
|      0 |                        649.7143 |     53451 |
|      3 |                        337.6667 |     53451 |
|      8 |                       2513.0000 |     53451 |
|      7 |                          2.0000 |     53451 |
|      0 |                        355.0000 |     54141 |
|      0 |                        401.8750 |     55826 |
|      7 |                          2.0000 |     64232 |
|      0 |                         95.5000 |     64232 |
|      2 |                        536.0000 |     64232 |
|      3 |                       2820.0000 |     64232 |